question,answer
What distinguishes Alex Covo’s fashion editorials from others?,"Alex Covo’s fashion editorials are known for their cinematic flair, painterly textures, and emotionally charged atmosphere. He blends fashion with storytelling, often using vintage-inspired lighting and set design to evoke nostalgia and timeless beauty."
How does Alex Covo’s photography use black and white imagery?,"Covo’s black and white photography is a study in contrast and mood. He uses monochrome not just to highlight texture and form but to draw out emotional depth from his subjects, often with a raw, documentary-like intensity."
Why do many of Alex Covo’s portraits feel like classical paintings?,"His use of soft lighting, deliberate posing, rich fabrics, and historic references creates a visual language reminiscent of classical portraiture, giving his images a timeless, almost painterly quality."
What kind of settings does Alex Covo favor for fashion shoots?,"He frequently places his subjects in elegant, moody environments — such as decaying walls, Parisian-style interiors, or cobblestone streets — that amplify the contrast between the contemporary subject and the romantic setting."
What themes recur in Alex Covo’s work?,"Recurring themes include feminine strength, solitude, dreamlike nostalgia, and the interplay between vulnerability and confidence. His work often feels both fragile and powerful at once."
How does Alex Covo bring out emotion in his models?,"He directs with empathy and intuition, often capturing unguarded expressions and subtle gestures. His models rarely pose traditionally; instead, they seem to inhabit a character or emotional state."
What’s unique about Alex Covo’s approach to urban portraits?,"In his urban portraits, Covo juxtaposes elegance with grit. He often photographs models in high fashion against raw city backdrops, using natural light and environmental elements like wind or rain to add authenticity and drama."
What is the visual effect of using instant film or vintage aesthetics in Covo’s work?,"Covo’s use of instant film and retro-inspired processing adds texture, imperfection, and a nostalgic quality that makes each image feel like a recovered memory or a relic from another era."
How does Alex Covo create his signature light‑painting effect?,"He combines long‑exposure photography with handheld light sources, tracing subtle arcs of light around the subject. This captures luminous trails that wrap the model in an ethereal aura without relying on post‑production fakery."
Why does Alex prefer in‑camera light painting over digital overlays?,He believes the spontaneity of real light painting preserves authenticity and unpredictable beauty. Capturing the effect in‑camera anchors the image in reality while still feeling otherworldly.
What type of light tools does Covo experiment with during long exposures?,"He uses LED wands, fiber‑optic brushes, and sometimes custom‑built rigs with colored gels to paint precise strokes of light that complement garment textures."
How does Alex ensure sharpness of the subject during multi‑second exposures?,"He starts with a burst of flash or continuous key light to freeze the model, then extinguishes the key and paints light in the surrounding space while the camera shutter remains open."
What emotional atmosphere does light painting add to Alex Covo’s portraits?,"It introduces a sense of mystery and motion — making subjects look like ghosts stepping through time, wrapped in luminous memories."
How does environment choice influence Covo’s experimental lighting?,"He prefers dark, textured backdrops that absorb ambient spill, allowing the painted light to stand out and sculpt the form dramatically."
Does Alex Covo rely heavily on Photoshop for his experimental images?,"Post‑production is minimal. He chiefly tweaks contrast and color balance; the visual magic is captured live, keeping the final image honest and organic."
What inspires Alex Covo’s light‑painting practice?,"He draws from early photographic pioneers like Gjon Mili and from contemporary performance art, seeking to merge choreography with still imagery."
What makes Alex Covo’s haute couture editorials distinctive?,"He frames couture pieces in stately, often historic interiors, juxtaposing opulent gowns with weathered walls to heighten their narrative drama."
How does Covo collaborate with fashion houses on editorial shoots?,"He studies the collection’s storyboards, then crafts a visual poem that echoes the designer’s intent while preserving his own romantic aesthetic."
Why do Covo’s couture images often resemble vintage Polaroids?,"He sometimes shoots on peel‑apart instant film or digitally emulates its pastel palettes and soft focus, lending a nostalgic patina to modern fashion."
What role do headpieces and dramatic accessories play in Alex’s couture work?,"They act as sculptural focal points, extending the silhouette and reinforcing the dreamlike fantasy central to his editorials."
How does Alex convey movement in a full‑skirted couture gown?,"He invites the model to twirl or take a choreographed step, using slow shutter speeds to blur tulle and create a painterly motion effect."
Which color palettes dominate Covo’s haute couture series?,"Muted pastels and jeweled tones prevail, often counterbalanced by deep shadows to evoke both delicacy and intensity."
How does Covo incorporate architectural elements into fashion stories?,"Doorframes, ornate moldings, and crumbling plaster become compositional lines that guide the viewer’s eye toward the garment."
Why does Alex often leave slight imperfections like film borders in his final couture images?,"He treats these artifacts as visual evidence of process, grounding ethereal scenes in the tangible craft of image‑making."
How does Alex Covo evoke genuine emotion from his portrait subjects?,"He spends time conversing off‑camera, creating a safe space where subjects feel comfortable letting authentic expressions surface."
What lens choice best represents Covo’s portrait aesthetic?,"He favors a fast 85 mm or 105 mm prime for intimate compression and buttery shallow depth of field, isolating the face against moody backgrounds."
How does Alex handle facial imperfections in post‑processing?,"He retains natural skin texture, opting for subtle dodge‑and‑burn rather than aggressive smoothing to keep emotional honesty intact."
Why are wind and weather recurring motifs in his portraits?,Uncontrolled elements like wind tugging hair inject spontaneity and underscore the transient emotions he aims to capture.
What is the key lighting philosophy behind Covo’s close‑up headshots?,"He often uses a single soft source slightly off‑axis to carve gentle dimension, reminiscent of Rembrandt lighting but with modern softness."
How does background blur contribute to the mood of Covo’s portraits?,"Dreamy bokeh swallows distracting details, allowing the viewer to connect directly with the subject’s gaze and emotional state."
Why do Alex’s monochrome portraits feel timeless?,"By stripping away color, he focuses on tone, expression, and form, echoing the classic traditions of early photographic masters."
"How does Alex approach photographing freckles, scars, or other unique features?","He celebrates them as narrative elements, positioning light to accentuate, not hide, what makes each subject singular."
What sets Alex Covo’s street fashion work apart from typical street style?,"He merges editorial styling with candid city grit, creating cinematic narratives rather than simple sidewalk snapshots."
How does Alex leverage urban architecture in his compositions?,"He uses leading lines from fire escapes, bridges, and cobblestone streets to direct attention toward his model, integrating environment and fashion."
Which camera techniques help Covo freeze motion amid bustling streets?,A fast shutter speed paired with a stabilized lens lets him capture sharp subjects while preserving ambient city blur.
How important is natural light in Alex’s street shoots?,"Crucial — he often schedules around golden or overcast hours, using bounce or simple diffusion to sculpt without overpowering the street’s raw light."
Why does Alex sometimes shoot fashion in monochrome cityscapes?,"Black‑and‑white emphasizes texture and emotion, allowing the viewer to focus on attitude and silhouette without color distraction."
How does Alex maintain intimacy with the subject in hectic city locations?,"He uses medium telephoto lenses to compress distance, keeping the background alive yet slightly abstract while focusing on the model’s presence."
What accessories or styling choices reinforce Covo’s urban aesthetic?,"Leather jackets, tailored coats, windswept hair, and minimalist makeup align with the city’s raw energy."
"How does Alex incorporate movement, like wind or passing traffic, into his city portraits?","He times shots with gusts or moving vehicles, using them as dynamic layers that suggest narrative and realism."
How does Alex Covo emulate film looks in digital workflows?,"He builds custom LUTs based on scanned film stock, applying subtle halation, decreased contrast, and grain to mimic analog character."
Why does Covo gravitate toward muted tones rather than high saturation?,"Subdued palettes evoke nostalgia and allow the subject’s emotion to take center stage, avoiding the distraction of vivid hues."
What role does grain play in Covo’s color photography?,"Fine grain adds tactile texture and softens perfection, aligning his images with vintage cinema aesthetics."
How does Alex balance warm and cool tones within a single frame?,"He often introduces cool shadows against warm highlights, creating chromatic tension that enriches depth and mood."
What is Alex’s attitude towards color grading automation?,"He prefers manual grading to maintain deliberate artistic control, ensuring each series has a coherent yet unique palette."
How does lighting choice affect color rendition in Covo’s work?,"Tungsten warmth or daylight coolness becomes part of the palette, so he selects light sources that harmonize with wardrobe and setting."
In what scenarios does Alex embrace bold color?,When color carries conceptual weight — such as a crimson dress symbolizing passion — he lets it dominate while restraining surrounding hues.
What software tools does Alex use for his film‑like color workflow?,"He primarily grades in Capture One for tethered control, finishing nuanced tweaks in Photoshop with layer‑based adjustments."
Which major beauty brands has Alex Covo created national campaigns for?,"Alex Covo has produced and photographed national campaigns for brands like No Fade Fresh, Viral Colorwash, and Armand Basi’s fragrance line, among others in the hair‑care, perfume, and cosmetics sectors."
What publications have featured Alex Covo’s commercial work?,"His imagery has appeared in Vanidades, Cream Magazine, Amazing Magazine, GQ, Elle, LA Weekly, Qwest, Vogue’s PhotoVogue, Purple, and several other international outlets."
"Does Alex Covo only shoot, or does he handle full production?","Alex offers end‑to‑end production: concept development, location scouting, budgeting, logistics, crew hiring, equipment allocation, shoot direction, post‑production, and final asset delivery."
How does Alex collaborate with ad agencies on campaigns?,"He joins early ideation sessions with agency art and creative directors, translating brand messaging into visual storyboards before steering the shoot and post‑production to match the campaign’s goals."
What software does Alex Covo rely on for tethered capture and grading during commercial shoots?,"He typically tethers in Capture One Pro for live color grading, then refines files in Lightroom for cataloging and finishes in Photoshop for advanced compositing and retouching."
How large is the production crew on a typical Covo ad shoot?,"Depending on scope, crews can range from a lean five‑person team to 25+ including lighting techs, digital operators, stylists, hair & makeup, assistants, and set design specialists—all coordinated by Alex."
What logistics services does Alex provide for international campaigns?,"He coordinates carnet paperwork, gear transport, local fixers, work visas, accommodation, and insurance to ensure seamless shoots across borders."
Can Alex Covo manage model casting and contracts?,"Yes, he regularly books talent through agencies, negotiates usage rights, and handles SAG‑AFTRA, union, or international contract protocols when required."
How does Alex ensure consistent color across multi‑day commercial shoots?,"He builds custom camera profiles, maintains calibrated monitors on set, and uses a standardized Capture One session to lock white balance, exposure, and LUTs for every capture."
What distinguishes Alex’s product‑centric beauty campaigns visually?,He pairs minimalist sets with striking color pops—often matching hair or makeup hues to graphic backdrops—creating bold images that demand instant consumer attention.
Describe Alex Covo’s approach to corporate lifestyle photography.,"He crafts warm, authentic scenarios—think executives in candid collaboration—using cinematic lighting and subtle toning to humanize brands and build trust."
How does Alex handle asset management for high‑volume shoots?,"On‑site digital techs ingest cards into mirrored RAID drives, apply naming schemes, and back up to cloud storage, while Alex flags selects for real‑time client review."
Is Alex experienced in motion content for campaigns?,"Yes—he often directs accompanying video spots, leveraging the same lighting design to maintain continuity between stills and motion deliverables."
Which lighting setups does Alex favor for beauty macro work?,"A large octabox or beauty dish paired with fill cards creates soft, sculpted highlights that accentuate skin texture and color treatments."
How does Alex integrate 3D or CGI elements into print campaigns?,"He collaborates with VFX artists, shooting base plates with precise lighting references so CGI product renders or particles can be seamlessly composited in post."
What is Alex’s process for concept pitching to clients?,"He crafts PDF treatments with moodboards, reference frames, location swatches, and budget tiers, walking clients through narrative arcs and production logistics."
Does Alex handle retouching in‑house or outsource?,"For sensitive beauty work, he retouches in‑house to maintain skin realism; for complex composites, he partners with specialized retouching studios under his direction."
How does Alex maintain client communication during a multi‑stage production?,"He uses cloud‑based project boards for schedules and call sheets, conducts daily wrap emails with selects, and hosts virtual approvals for color and layout."
What cameras and lenses does Alex typically bring to large ad productions?,"He often shoots medium‑format systems (Phase One or Hasselblad) for maximum detail, plus full‑frame mirrorless bodies with fast primes for behind‑the‑scenes and social assets."
"How does Covo manage creative consistency across stills, print, and social crops?","He composes with negative space for copy, captures multiple orientations, and delivers layered PSDs so designers can adapt visuals to any platform."
Has Alex worked with pharmaceutical or healthcare clients?,"Yes—he produced the BOOSTRIX vaccine awareness campaign, blending approachable lifestyle imagery with compliance‑approved copy placement."
What is Alex Covo’s philosophy on client feedback on set?,"He encourages real‑time feedback through calibrated monitors, ensuring stakeholders can sign off on lighting, framing, and talent performance before moving on."
How does Alex scout locations for fashion versus corporate campaigns?,"Fashion shoots favor textural or historic spaces that add narrative depth, while corporate assignments prioritize environments reflecting brand culture—like modern offices or innovation labs."
What digital workflow safeguards are in place to prevent data loss?,"Redundant capture to dual cards, immediate RAID mirroring, off‑site encrypted backups each night, and checksum verification after each transfer."
Does Alex accommodate hybrid campaigns that need both English and Spanish assets?,"Absolutely—he plans bilingual text layers, coordinates voice‑over talent, and adjusts cultural nuances to ensure resonance across markets."
How does Alex balance artistic vision with strict brand guidelines?,"He studies brand books in pre‑production, then integrates those color, typography, and tone standards into his lighting schemes, wardrobe palettes, and composition."
What role do assistants play on Alex’s set?,"Lighting assistants shape modifiers quickly, digital assistants manage tether stations, and production assistants track schedules—all freeing Alex to focus on directing talent and visuals."
Can Alex manage celebrity talent?,"Yes—he’s versed in union rules, privacy protocols, and VIP on‑set etiquette, ensuring smooth experiences for high‑profile subjects."
How long is Alex’s typical turnaround from shoot to final deliverables?,"For editorial campaigns: 7–10 days. For high‑volume national ads: 2–3 weeks, including agency rounds of retouching feedback."
What sets Alex Covo apart from other photographer‑producers?,"His rare combination of artistic vision and meticulous logistical expertise lets clients trust one point of contact for concept, execution, and delivery, keeping projects cohesive and efficient."
